ticker,report_pd,shortName,sector,industry,value,market_cap,pc1,pc2
A,2020-12-31,"Agilent Technologies, Inc.",Healthcare,Diagnostics & Research,49902102.0,large,0.038212718792049426,-0.014784468528330166
AAL,2020-12-31,"American Airlines Group, Inc.",Industrials,Airlines,3964516.0,large,6.238771939408215,3.8908732297790394
AAP,2020-12-31,Advance Auto Parts Inc Advance ,Consumer Cyclical,Specialty Retail,2958598.0,large,-1.2892120301941776,-0.25305324047370736
AAPL,2020-12-31,Apple Inc.,Technology,Consumer Electronics,869144523.0,mega,21.070558164698948,-7.521290333655565
AAXJ,2020-12-31,iShares MSCI All Country Asia e,None,None,69910578.0,mid,2.00732852288445,0.11562380354691969
ABBV,2020-12-31,AbbVie Inc.,Healthcare,Drug Manufacturers—General,55407298.0,large,0.8039880183999051,-2.7318581785444755
ABC,2020-12-31,AmerisourceBergen Corporation,Healthcare,Medical Distribution,13862730.0,large,-3.017242108931988,-0.5080302402722273
ABT,2020-12-31,Abbott Laboratories,Healthcare,Medical Devices,90041977.0,mega,0.7465944758304848,-1.3014136179168252
ACN,2020-12-31,Accenture plc,Technology,Information Technology Services,84715017.0,large,-0.6159615469280557,-1.1718937612725775
ADBE,2020-12-31,Adobe Inc.,Technology,Software—Infrastructure,74845078.0,mega,-1.5063014197944342,-1.8640351075243862
ADI,2020-12-31,"Analog Devices, Inc.",Technology,Semiconductors,13335516.0,large,-4.40985197352083,0.3245361376153586
ADM,2020-12-31,Archer-Daniels-Midland Company,Consumer Defensive,Farm Products,8111569.0,large,0.5939752874932629,-0.6565467904825145
ADP,2020-12-31,"Automatic Data Processing, Inc.",Industrials,Staffing & Employment Services,35894364.0,large,0.18565832194178128,-0.821256872018312
ADS,2020-12-31,Alliance Data Systems Corporati,Financial Services,Credit Services,4215086.0,mid,-2.5433737487499934,-0.40025912810987957
ADSK,2020-12-31,"Autodesk, Inc.",Technology,Software—Application,20144864.0,large,-13.2045818801495,-5.699211454738837
AEE,2020-12-31,Ameren Corporation,Utilities,Utilities—Regulated Electric,3524925.0,large,1.0373567472599048,-0.7409948595892556
AFL,2020-12-31,AFLAC Incorporated,Financial Services,Insurance—Life,10382721.0,large,0.2839184292439203,-0.9723308736518718
AGRO,2020-12-31,Adecoagro S.A.,Consumer Defensive,Farm Products,15873481.0,small,0.0145488706438299,0.9133662044522689
AIG,2020-12-31,"American International Group, I",Financial Services,Insurance—Diversified,9578651.0,large,0.5564753371301305,-0.7368933301048193
AJG,2020-12-31,Arthur J. Gallagher & Co.,Financial Services,Insurance Brokers,6763368.0,large,0.10116548159052034,-0.3950871201933887
AKAM,2020-12-31,"Akamai Technologies, Inc.",Technology,Software—Infrastructure,6276564.0,large,-0.07397164479915326,0.512433634222642
AL,2020-12-31,Air Lease Corporation,Industrials,Rental & Leasing Services,18962981.0,mid,-4.091639048474322,0.5882869454829861
ALC,2020-12-31,Alcon Inc.,Healthcare,Medical Instruments & Supplies,6955852.0,large,0.9511177304062467,1.5621516892159373
ALGN,2020-12-31,"Align Technology, Inc.",Healthcare,Medical Devices,12183551.0,large,-2.630235828386672,-0.6818830239838274
ALLE,2020-12-31,Allegion plc,Industrials,Security & Protection Services,3927173.0,large,-0.8153747201644483,-0.10787083540725632
ALLY,2020-12-31,Ally Financial Inc.,Financial Services,Credit Services,4495431.0,large,-0.45240149201924396,-0.4584823311619812
ALNY,2020-12-31,"Alnylam Pharmaceuticals, Inc.",Healthcare,Biotechnology,3421263.0,large,4.864418757620799,6.825282102862109
ALXN,2020-12-31,"Alexion Pharmaceuticals, Inc.",Healthcare,Biotechnology,51150438.0,large,-1.436940646350651,-1.0626061650955487
AMAT,2020-12-31,"Applied Materials, Inc.",Technology,Semiconductor Equipment & Materials,24820857.0,large,-0.5827774678293173,-0.5280904651160824
AMCR,2020-12-31,Amcor plc,Consumer Cyclical,Packaging & Containers,9013535.0,large,1.595740584556815,-1.867698738593763
AMD,2020-12-31,"Advanced Micro Devices, Inc.",Technology,Semiconductors,30252636.0,large,-3.877196361196199,-0.7318325539005014
AME,2020-12-31,"AMETEK, Inc.",Industrials,Specialty Industrial Machinery,9097496.0,large,-0.5684712281146533,-0.047235802216819125
AMGN,2020-12-31,Amgen Inc.,Healthcare,Drug Manufacturers—General,47626692.0,large,-0.8331182986422039,-2.3520263304759426
AMT,2020-12-31,American Tower Corporation (REI,Real Estate,REIT—Specialty,39011550.0,large,0.9413064486663203,-0.7915202745736287
AMZN,2020-12-31,"Amazon.com, Inc.",Consumer Cyclical,Internet Retail,577395976.0,mega,-14.148966900429672,-3.995374892785084
ANSS,2020-12-31,"ANSYS, Inc.",Technology,Software—Application,9164346.0,large,-0.8759083356062587,-0.10911015563290291
ANTM,2020-12-31,"Anthem, Inc.",Healthcare,Healthcare Plans,23200405.0,large,-2.365618375157277,-2.7794662843576896
AON,2020-12-31,Aon plc,Financial Services,Insurance Brokers,61400386.0,large,-7.118676897668143,0.48669755197883696
APD,2020-12-31,"Air Products and Chemicals, Inc",Basic Materials,Chemicals,21359883.0,large,-0.07397122694547652,-1.233856478987676
APH,2020-12-31,Amphenol Corporation,Technology,Electronic Components,9633906.0,large,-0.3651848868451865,-0.11179140675517564
APLS,2020-12-31,"Apellis Pharmaceuticals, Inc.",Healthcare,Biotechnology,2672157.0,mid,9.273794090813098,8.939312595546369
APO,2020-12-31,"Apollo Global Management, Inc.",Financial Services,Asset Management,4130275.0,large,-0.02934384800622371,2.01733301934739
APTV,2020-12-31,Aptiv PLC,Consumer Cyclical,Auto Parts,12615821.0,large,-1.7535544683251905,0.605292722806449
ARCC,2020-12-31,Ares Capital Corporation - Clos,Financial Services,Asset Management,5935902.0,mid,2.5890031641495157,-4.001130473881595
ARE,2020-12-31,Alexandria Real Estate Equities,Real Estate,REIT—Office,22627832.0,large,-1.7484347831383091,-1.240207950376105
ARES,2020-12-31,Ares Management Corporation,Financial Services,Asset Management,3998770.0,large,0.6044928766209101,3.345985097521204
ARW,2020-12-31,"Arrow Electronics, Inc.",Technology,Electronics & Computer Distribution,250763745.0,mid,-2.8759796953738004,-1.3260038767077253
ATO,2020-12-31,Atmos Energy Corporation,Utilities,Utilities—Regulated Gas,4834223.0,large,0.7023540985362193,-0.9716006015014438
ATUS,2020-12-31,"Altice USA, Inc.",Communication Services,Telecom Services,14783635.0,large,-2.8108616298913605,3.0030640627367573
ATVI,2020-12-31,"Activision Blizzard, Inc",Communication Services,Electronic Gaming & Multimedia,60359663.0,large,0.5558521245109573,-0.03692644475058836
AUPH,2020-12-31,Aurinia Pharmaceuticals Inc,Healthcare,Biotechnology,10909865.0,mid,1.761856198463966,33.242934365836746
AVB,2020-12-31,"AvalonBay Communities, Inc.",Real Estate,REIT—Residential,6899584.0,large,0.12324438794245818,-1.747530163360396
AVGO,2020-12-31,Broadcom Inc.,Technology,Semiconductors,46592636.0,large,-1.2435569035101322,-2.708731899537754
AVLR,2020-12-31,"Avalara, Inc.",Technology,Software—Application,3334070.0,large,1.2977277049255482,1.2143036403321577
AVTR,2020-12-31,"Avantor, Inc.",Basic Materials,Specialty Chemicals,4046884.0,large,1.123254545314929,0.7790799793016133
AVY,2020-12-31,Avery Dennison Corporation,Industrials,Business Equipment & Supplies,4672737.0,large,-0.24778988340685743,-0.631280615798692
AWK,2020-12-31,"American Water Works Company, I",Utilities,Utilities—Regulated Water,6159659.0,large,0.86817357752139,-0.22844925488583734
AXP,2020-12-31,American Express Company,Financial Services,Credit Services,83523740.0,large,-0.2901738461876268,-0.6890846995582995
AZO,2020-12-31,"AutoZone, Inc.",Consumer Cyclical,Specialty Retail,8594488.0,large,-2.020748976087604,13.296914140363882
BA,2020-12-31,Boeing Company (The),Industrials,Aerospace & Defense,19401760.0,large,2.7261206272969933,3.383954088120454
BAC,2020-12-31,Bank of America Corporation,Financial Services,Banks—Diversified,231716033.0,mega,5.775010837435603,-5.531866494936
BAX,2020-12-31,Baxter International Inc.,Healthcare,Medical Instruments & Supplies,18050596.0,large,0.26734199094350036,-0.13595737819757858
BBD,2020-12-31,Banco Bradesco Sa,Financial Services,Banks—Regional,12537838.0,large,2.5810526546068515,-2.906268182377664
BBY,2020-12-31,"Best Buy Co., Inc.",Consumer Cyclical,Specialty Retail,37354817.0,large,-1.2752992123400566,-0.40292802975230485
BDBPX,2020-12-31,iShares Russell 2000 Small Cap ,None,None,53426157.0,micro,1.9334219634124838,0.38121853782326615
BDX,2020-12-31,"Becton, Dickinson and Company",Healthcare,Medical Instruments & Supplies,41089949.0,large,-0.760396259243258,-1.4323625068419177
BIDU,2020-12-31,"Baidu, Inc.",Communication Services,Internet Content & Information,5117064.0,large,-6.630913280498442,-7.416360083051228
BIIB,2020-12-31,Biogen Inc.,Healthcare,Drug Manufacturers—General,48231407.0,large,-2.2216997931624327,-2.4653109272518203
BK,2020-12-31,The Bank of New York Mellon Cor,Financial Services,Asset Management,8592384.0,large,0.4896098850842665,-1.0921553840556701
BKI,2020-12-31,"Black Knight, Inc.",Technology,Software—Infrastructure,9437649.0,large,0.14244890209506697,0.4545699371715173
BKNG,2020-12-31,Booking Holdings Inc. Common St,Consumer Cyclical,Travel Services,12400461.0,large,-4.615330599096253,-2.4301593074173797
BKR,2020-12-31,Baker Hughes Company,Energy,Oil & Gas Equipment & Services,3781048.0,large,1.2006204017703397,2.0957095288927414
BLL,2020-12-31,Ball Corporation,Consumer Cyclical,Packaging & Containers,17340362.0,large,0.17007122162404786,0.7503648903288925
BMRN,2020-12-31,BioMarin Pharmaceutical Inc.,Healthcare,Biotechnology,6946753.0,large,-3.2190966132834813,0.04553261694126825
BMY,2020-12-31,Bristol-Myers Squibb Company,Healthcare,Drug Manufacturers—General,56483777.0,large,1.9547959651117053,-1.3778051286470914
BNDX,2020-12-31,Vanguard Total International Bo,None,None,12147288.0,large,1.8935054934702262,0.22897090964483904
BRG,2020-12-31,Bluerock Residential Growth REI,Real Estate,REIT—Residential,3673026.0,micro,1.6248514217212395,-2.1641580259653246
BSX,2020-12-31,Boston Scientific Corporation,None,None,44622838.0,large,2.286066114392247,0.5014594535432928
BWA,2020-12-31,BorgWarner Inc.,Consumer Cyclical,Auto Parts,14669186.0,large,-1.486171426226353,0.4021374338072608
BX,2020-12-31,The Blackstone Group Inc.,Financial Services,Asset Management,12753814.0,large,1.040098020392532,-2.308649315370987
BXP,2020-12-31,"Boston Properties, Inc.",Real Estate,REIT—Office,3930518.0,large,1.6049959053794487,-1.7574385825597574
BZUN,2020-12-31,Baozun Inc.,Consumer Cyclical,Internet Retail,7501585.0,mid,-6.343688954963189,5.4633600417227735
C,2020-12-31,"Citigroup, Inc.",Financial Services,Banks—Diversified,133300139.0,large,0.5902279830134635,-3.2161975778558545
CAG,2020-12-31,"ConAgra Brands, Inc.",Consumer Defensive,Packaged Foods,6121304.0,large,0.5719579166571702,-0.8018092003287752
CAH,2020-12-31,"Cardinal Health, Inc.",Healthcare,Medical Distribution,5065203.0,large,0.41573078800698965,-1.2165683955685491
CARR,2020-12-31,Carrier Global Corporation,Industrials,Building Products & Equipment,26327199.0,large,1.376414707130009,-0.03203867262626235
CAT,2020-12-31,"Caterpillar, Inc.",Industrials,Farm & Heavy Construction Machinery,87346017.0,large,0.03856650614671483,-1.1137005158963913
CB,2020-12-31,Chubb Limited,Financial Services,Insurance—Property & Casualty,31638236.0,large,-0.15367167927615813,-1.0540267165622843
CBAY,2020-12-31,CymaBay Therapeutics Inc.,Healthcare,Biotechnology,2423574.0,small,-0.8798868862493944,1.1302738297319948
CBRE,2020-12-31,CBRE Group Inc,Real Estate,Real Estate Services,28021251.0,large,-1.0939879522642113,0.535407040431527
CC,2020-12-31,Chemours Company (The),Basic Materials,Specialty Chemicals,20769674.0,mid,-3.3724584735413594,0.7732771165043147
CCEP,2020-12-31,Coca-Cola European Partners plc,Consumer Defensive,Beverages—Non-Alcoholic,11316722.0,large,2.1017889707264334,6.000484110867946
CCI,2020-12-31,Crown Castle International Corp,Real Estate,REIT—Specialty,49182517.0,large,1.19468142858699,-0.9985844345946908
CCK,2020-12-31,"Crown Holdings, Inc.",Consumer Cyclical,Packaging & Containers,85619285.0,large,-0.5113185505212777,0.1909839299111242
CCL,2020-12-31,Carnival Corporation,Consumer Cyclical,Travel Services,3574997.0,large,0.8340517184762342,8.103114890320965
CDNS,2020-12-31,"Cadence Design Systems, Inc.",Technology,Software—Application,10120402.0,large,-0.7496724509452725,0.1538240323276871
CDW,2020-12-31,CDW Corporation,Technology,Information Technology Services,5282236.0,large,-0.325534389135621,-0.23194266671814942
CE,2020-12-31,Celanese Corporation Celanese C,Basic Materials,Chemicals,4278962.0,large,-0.6979328317073821,-1.2744642110437034
CERN,2020-12-31,Cerner Corporation,Healthcare,Health Information Services,6410656.0,large,-3.538198779455476,0.43292822282116444
CFG,2020-12-31,"Citizens Financial Group, Inc.",Financial Services,Banks—Regional,5282811.0,large,-0.03767234073006449,-1.9041958932519756
CG,2020-12-31,The Carlyle Group Inc.,Financial Services,Asset Management,4793998.0,large,-2.2915114222308,5.113976475673601
CGNX,2020-12-31,Cognex Corporation,Technology,Scientific & Technical Instruments,3660095.0,large,-1.2905990260493394,0.6883731660441806
CHD,2020-12-31,"Church & Dwight Company, Inc.",Consumer Defensive,Household & Personal Products,7926357.0,large,0.5279302030616893,-0.08955141663503974
CHKP,2020-12-31,Check Point Software Technologi,Technology,Software—Infrastructure,17228243.0,large,-3.550553789855599,1.0860704592171548
CHTR,2020-12-31,"Charter Communications, Inc.",Communication Services,Entertainment,56305265.0,large,-4.9502942277866095,-0.3436823162051911
CHWY,2020-12-31,"Chewy, Inc.",Consumer Cyclical,Internet Retail,2853433.0,large,1.3973071115728273,2.705328797886406
CI,2020-12-31,Cigna Corporation,Healthcare,Healthcare Plans,22283791.0,large,-1.4291225696494876,-2.11350518861722
CIT,2020-12-31,CIT Group Inc (DEL),Financial Services,Banks—Regional,4902540.0,mid,0.3225627050781039,2.0340013040977256
CL,2020-12-31,Colgate-Palmolive Company,Consumer Defensive,Household & Personal Products,23017751.0,large,0.907125277562413,-0.8565270501760188
CLNE,2020-12-31,Clean Energy Fuels Corp.,Energy,Oil & Gas Refining & Marketing,11357481.0,mid,-0.42511910535044317,4.043763736938606
CLX,2020-12-31,Clorox Company (The),Consumer Defensive,Household & Personal Products,9305303.0,large,-1.2193938236398731,-2.145887897740359
CMCSA,2020-12-31,Comcast Corporation,Communication Services,Entertainment,116163712.0,mega,2.257734007291991,-3.1451838917480583
CME,2020-12-31,CME Group Inc.,Financial Services,Financial Data & Stock Exchanges,17470629.0,large,0.05626322192094698,-1.9671656586617081
CMG,2020-12-31,"Chipotle Mexican Grill, Inc.",Consumer Cyclical,Restaurants,5624705.0,large,-2.296326953670548,-1.3745497130099729
CMI,2020-12-31,Cummins Inc.,Industrials,Specialty Industrial Machinery,16177926.0,large,-0.9455883822188985,-1.4814161137451647
CMS,2020-12-31,CMS Energy Corporation,Utilities,Utilities—Regulated Electric,5097163.0,large,1.315179211880819,-0.7453451191188677
CNC,2020-12-31,Centene Corporation,Healthcare,Healthcare Plans,15943583.0,large,0.3734669791968396,0.3170880713268207
CNK,2020-12-31,Cinemark Holdings Inc Cinemark ,Communication Services,Entertainment,8504230.0,mid,-1.3034483275143425,3.321387839971006
CNP,2020-12-31,"CenterPoint Energy, Inc (Holdin",Utilities,Utilities—Regulated Gas,3897547.0,large,0.6781188158514394,-0.45627341066439026
COF,2020-12-31,Capital One Financial Corporati,Financial Services,Credit Services,12760660.0,large,-1.1356389996374234,-0.9203997701808962
COP,2020-12-31,ConocoPhillips,Energy,Oil & Gas E&P,13311561.0,large,1.531485185663136,1.362068999909803
COST,2020-12-31,Costco Wholesale Corporation,Consumer Defensive,Discount Stores,62768590.0,large,-0.5059804322837299,-1.4129030315587827
COUP,2020-12-31,Coupa Software Incorporated,Technology,Software—Application,4177769.0,large,-2.9423446149992385,2.9532556712908655
CPB,2020-12-31,Campbell Soup Company,Consumer Defensive,Packaged Foods,4889733.0,large,-1.2012771716346204,4.250541979623838
CPRI,2020-12-31,Capri Holdings Limited,Consumer Cyclical,Apparel Manufacturing,22047957.0,mid,-1.7006241654403809,1.6436335118267598
CPRT,2020-12-31,"Copart, Inc.",Industrials,Specialty Business Services,9323609.0,large,-0.5471523422161231,0.9045130494890523
CREE,2020-12-31,"Cree, Inc.",Technology,Semiconductors,2806123.0,large,-1.0017371786963911,2.306120214263712
CRI,2020-12-31,"Carter's, Inc.",Consumer Cyclical,Apparel Retail,12046982.0,mid,-1.3861484276777405,0.5240615089293514
CRL,2020-12-31,Charles River Laboratories Inte,Healthcare,Diagnostics & Research,3293364.0,large,-0.7200895108299048,-0.11690475037214319
CRM,2020-12-31,Salesforce.com Inc,Technology,Software—Application,60524667.0,mega,-0.290596632126773,0.9239351644076123
CRNC,2020-12-31,Cerence Inc.,Technology,Software—Application,5530115.0,mid,-1.5089452611419258,1.878272605309803
CRTO,2020-12-31,Criteo S.A.,Communication Services,Advertising Agencies,99591063.0,small,0.5739819071449999,0.9231147224205274
CRWD,2020-12-31,"CrowdStrike Holdings, Inc.",Technology,Software—Infrastructure,7676709.0,large,2.2545895799067397,3.254327494281546
CSCO,2020-12-31,"Cisco Systems, Inc.",Technology,Communication Equipment,117768037.0,mega,3.0949728192640285,-2.519986468329417
CSGP,2020-12-31,"CoStar Group, Inc.",Real Estate,Real Estate Services,4673432.0,large,-0.9113487486538961,-0.5554178716183068
CSIQ,2020-12-31,Canadian Solar Inc.,Technology,Solar,16031776.0,mid,-0.6898490210522669,2.3995823576273043
CSTM,2020-12-31,Constellium SE,Basic Materials,Aluminum,16486655.0,small,-2.0394990634159536,1.6177405052597114
CSX,2020-12-31,CSX Corporation,Industrials,Railroads,22406077.0,large,-0.2109515240645649,-0.44061007276260483
CTAS,2020-12-31,Cintas Corporation,Industrials,Specialty Business Services,9699455.0,large,-1.8418787872145828,-0.3068781830078068
CTLT,2020-12-31,"Catalent, Inc.",Healthcare,Drug Manufacturers—Specialty & Generic,4029780.0,large,-0.712773609761715,0.4794785333516823
CTSH,2020-12-31,Cognizant Technology Solutions ,Technology,Information Technology Services,13607000.0,large,-0.4604619006746356,-0.024443731122077865
CTVA,2020-12-31,"Corteva, Inc.",Basic Materials,Agricultural Inputs,9866181.0,large,1.2927739189946788,0.045726525076897756
CTXS,2020-12-31,"Citrix Systems, Inc.",Technology,Software—Application,7458733.0,large,-0.6120276212518732,-2.2830384718842978
CVS,2020-12-31,CVS Health Corporation,Healthcare,Healthcare Plans,29011480.0,large,0.3820218461492068,-1.2290585633556355
CVX,2020-12-31,Chevron Corporation,Energy,Oil & Gas Integrated,72404786.0,large,2.30374811154752,-2.3828891283755818
CZZ,2020-12-31,Cosan Limited,Energy,Oil & Gas Refining & Marketing,24644540.0,mid,0.007321318308836551,-2.935351273090603
D,2020-12-31,"Dominion Energy, Inc.",Utilities,Utilities—Diversified,21055044.0,large,1.1318812799098859,-1.1060649018781006
DAL,2020-12-31,"Delta Air Lines, Inc.",Industrials,Airlines,35277748.0,large,2.172659314745143,3.119850685922629
DAN,2020-12-31,Dana Incorporated,Consumer Cyclical,Auto Parts,3230285.0,mid,-2.1203495813127624,1.489621623448854
DD,2020-12-31,"DuPont de Nemours, Inc.",Basic Materials,Chemicals,17199854.0,large,-0.040643296208487195,0.8026567490672638
DE,2020-12-31,Deere & Company,Industrials,Farm & Heavy Construction Machinery,39238350.0,large,-0.893680723870003,-1.299879340302302
DELL,2020-12-31,Dell Technologies Inc.,Technology,Computer Hardware,6194955.0,large,-0.26207912099718694,0.2957832001097947
DFS,2020-12-31,Discover Financial Services,Financial Services,Credit Services,8061364.0,large,-1.0088691908000207,-0.7673074299018348
DG,2020-12-31,Dollar General Corporation,Consumer Defensive,Discount Stores,90772058.0,large,-0.5829701612037587,-1.4706778328578243
DGX,2020-12-31,Quest Diagnostics Incorporated,Healthcare,Diagnostics & Research,21883402.0,large,-0.6674664660358641,-1.2902181941165758
DHR,2020-12-31,Danaher Corporation,Healthcare,Diagnostics & Research,86902095.0,large,0.4957038590378146,0.8393796248450476
DIOD,2020-12-31,Diodes Incorporated,Technology,Semiconductors,18409211.0,mid,-0.5560732853891134,1.5724846461232318
DIS,2020-12-31,Walt Disney Company (The),Communication Services,Entertainment,148037317.0,mega,-0.07884118424357506,-2.9572674207462466
DKNG,2020-12-31,DraftKings Inc.,Consumer Cyclical,Gambling,3738468.0,large,5.074811948510407,2.9903158208598395
DLR,2020-12-31,"Digital Realty Trust, Inc.",Real Estate,REIT—Office,6381548.0,large,2.2238478317619226,-1.5404597262997455
DLTR,2020-12-31,"Dollar Tree, Inc.",Consumer Defensive,Discount Stores,7830612.0,large,-0.1406163374137291,0.13707656032583618
DOCU,2020-12-31,"DocuSign, Inc.",Technology,Software—Application,11729979.0,large,0.8837061255825094,1.9676869770901988
DOV,2020-12-31,Dover Corporation,Industrials,Specialty Industrial Machinery,8417024.0,large,-0.3785802957885597,-0.45369132249169847
DOW,2020-12-31,Dow Inc.,Basic Materials,Chemicals,13611458.0,large,1.9935098170327394,-1.5389072100894006
DPZ,2020-12-31,Domino's Pizza Inc,Consumer Cyclical,Restaurants,3139938.0,large,-1.0120725545139857,-1.4315721124522478
DRE,2020-12-31,Duke Realty Corporation,Real Estate,REIT—Industrial,4610448.0,large,0.8779571183642141,-0.526452456782587
DRI,2020-12-31,"Darden Restaurants, Inc.",Consumer Cyclical,Restaurants,3447779.0,large,-0.5677787972612848,0.2530817552475785
DTE,2020-12-31,DTE Energy Company,Utilities,Utilities—Regulated Electric,2639936.0,large,0.5399656047408543,-1.3933992254805678
DUK,2020-12-31,Duke Energy Corporation (Holdin,Utilities,Utilities—Regulated Electric,9973344.0,large,1.207085499524474,-1.5260276751248292
DVA,2020-12-31,DaVita Inc.,Healthcare,Medical Care Facilities,2872766.0,large,-1.5950550181562637,0.05925194446376829
DXCM,2020-12-31,"DexCom, Inc.",Healthcare,Diagnostics & Research,10917424.0,large,-0.6171066020663405,0.553915496676439
EA,2020-12-31,Electronic Arts Inc.,Communication Services,Electronic Gaming & Multimedia,47561803.0,large,-0.32189368299726717,-0.1767203954116041
EBAY,2020-12-31,eBay Inc.,Consumer Cyclical,Internet Retail,28705719.0,large,-1.0901049713377222,-0.9981625163516216
ECL,2020-12-31,Ecolab Inc.,Basic Materials,Specialty Chemicals,30438907.0,large,-0.09359254810820601,0.05714256457336208
ED,2020-12-31,"Consolidated Edison, Inc.",Utilities,Utilities—Regulated Electric,7729662.0,large,1.4708551350754755,-1.4635199494918327
EDEN,2020-12-31,iShares Inc iShares MSCI Denmar,None,None,7477378.0,micro,1.8800926019532773,0.647706307648637
EEFT,2020-12-31,"Euronet Worldwide, Inc.",Technology,Software—Infrastructure,27694623.0,mid,-1.020116579417418,0.7928989653334695
EEM,2020-12-31,iShares MSCI Emerging Index Fun,None,None,78520351.0,large,3.949898596498363,0.04701421396457585
EFNL,2020-12-31,iShares Inc iShares MSCI Finlan,None,None,3370242.0,micro,2.0597398221732033,-0.23989393734639863
EFX,2020-12-31,"Equifax, Inc.",Industrials,Consulting Services,6064695.0,large,0.8251800539213844,0.0875931537441257
EIX,2020-12-31,Edison International,Utilities,Utilities—Regulated Electric,7551920.0,large,0.648413008634368,-2.0793248000996365
EL,2020-12-31,"Estee Lauder Companies, Inc. (T",Consumer Defensive,Household & Personal Products,16542408.0,large,0.0015486024324551158,-0.0667024113160488
ELAN,2020-12-31,Elanco Animal Health Incorporat,Healthcare,Drug Manufacturers—Specialty & Generic,2471672.0,large,-0.36164788970033457,1.3587539167990828
EME,2020-12-31,"EMCOR Group, Inc.",Industrials,Engineering & Construction,14166366.0,mid,-1.0704439815030546,0.1440052634869369
EMN,2020-12-31,Eastman Chemical Company,Basic Materials,Chemicals,4381096.0,large,-0.5437501458522329,-0.9640294694381404
EMR,2020-12-31,Emerson Electric Company,Industrials,Specialty Industrial Machinery,69209357.0,large,-0.6315091650647141,-0.7085366434150328
ENPH,2020-12-31,"Enphase Energy, Inc.",Technology,Solar,3851953.0,large,-0.17794878572119474,1.184469767640816
ENZL,2020-12-31,iShares MSCI New Zealand ETF,None,None,6846140.0,micro,2.0149286581319243,-0.14545615286975738
EOG,2020-12-31,"EOG Resources, Inc.",Energy,Oil & Gas E&P,6092932.0,large,-1.6602890422750307,0.2583772463359898
EPAM,2020-12-31,"EPAM Systems, Inc.",Technology,Information Technology Services,14105059.0,large,-0.9163195727480041,0.07159717432455356
EPD,2020-12-31,Enterprise Products Partners L.,Energy,Oil & Gas Midstream,6282049.0,large,5.523447052209104,-0.8532358140322007
EQIX,2020-12-31,"Equinix, Inc.",Real Estate,REIT—Specialty,47058548.0,large,1.145194641765696,-0.37492228911378356
EQNR,2020-12-31,Equinor ASA,Energy,Oil & Gas Integrated,3321988.0,large,2.712098851606738,-0.8691902142597651
EQR,2020-12-31,Equity Residential,Real Estate,REIT—Residential,6503356.0,large,0.5202420365734844,-1.9646186817706575
ERII,2020-12-31,"Energy Recovery, Inc.",Industrials,Pollution & Treatment Controls,3666725.0,small,-3.3120221809025776,1.8209275891975645
ERJ,2020-12-31,Embraer S.A.,Industrials,Aerospace & Defense,15912847.0,small,2.814542084026285,3.04794419245357
ES,2020-12-31,Eversource Energy (D/B/A),Utilities,Utilities—Regulated Electric,9691671.0,large,0.9986186854802416,-0.6552259735569769
ETN,2020-12-31,"Eaton Corporation, PLC",Industrials,Specialty Industrial Machinery,19214414.0,large,0.1558397897987424,-0.7275883128868753
ETR,2020-12-31,Entergy Corporation,Utilities,Utilities—Diversified,5110295.0,large,0.7509728617940512,-1.8847252536056358
ETSY,2020-12-31,"Etsy, Inc.",Consumer Cyclical,Internet Retail,49136865.0,large,-1.060265751834544,0.5708992587314002
EW,2020-12-31,Edwards Lifesciences Corporatio,Healthcare,Medical Devices,18791310.0,large,-0.06778291362706408,0.2867238283749773
EWBC,2020-12-31,"East West Bancorp, Inc.",Financial Services,Banks—Diversified,24617272.0,mid,-1.6112977661206882,-0.7726016627496299
EWL,2020-12-31,iShares Inc iShares MSCI Switze,None,None,2481706.0,small,1.8792883167389898,0.6426855894491643
EWM,2020-12-31,iShares MSCI Malaysia Index Fun,None,None,5794970.0,small,1.8866984571018521,0.6806991177423132
EWN,2020-12-31,iShares MSCI Netherlands Index ,None,None,4651372.0,small,1.8680800008511158,0.4713892886569918
EWT,2020-12-31,iShares Inc iShares MSCI Taiwan,None,None,6949381.0,mid,1.9353866310973824,0.044471671093192076
EWY,2020-12-31,iShares Inc iShares MSCI South ,None,None,3390500.0,mid,1.8769050494109005,0.4088905861356104
EXAS,2020-12-31,Exact Sciences Corporation,Healthcare,Diagnostics & Research,5115153.0,large,-1.015224573349464,2.5201331217046885
EXC,2020-12-31,Exelon Corporation,Utilities,Utilities—Diversified,11969808.0,large,1.1261155062150843,-1.0231808357596324
EXPD,2020-12-31,Expeditors International of Was,Industrials,Integrated Freight & Logistics,5710144.0,large,-0.11065742984755256,-0.013142079129179586
EXPE,2020-12-31,"Expedia Group, Inc.",Consumer Cyclical,Travel Services,4285690.0,large,-0.28358974000231524,3.0907576093666584
EXR,2020-12-31,Extra Space Storage Inc,Real Estate,REIT—Industrial,5327545.0,large,1.026980643630545,-1.488242522669547
F,2020-12-31,Ford Motor Company,Consumer Cyclical,Auto Manufacturers,5917173.0,large,6.428915398443803,0.6749651726651287
FANG,2020-12-31,"Diamondback Energy, Inc. - Comm",Energy,Oil & Gas E&P,22700460.0,large,-1.3758996294969847,5.663353930843055
FAST,2020-12-31,Fastenal Company,Industrials,Industrial Distribution,10189604.0,large,-0.13907687403611468,-0.3858838698859622
FB,2020-12-31,"Facebook, Inc.",Communication Services,Internet Content & Information,709390095.0,mega,1.2674490450325793,-9.624355159518005
FBHS,2020-12-31,"Fortune Brands Home & Security,",Consumer Cyclical,"Furnishings, Fixtures & Appliances",4390011.0,large,-0.7846502512711049,-0.17800046861915494
FDX,2020-12-31,FedEx Corporation,Industrials,Integrated Freight & Logistics,22145121.0,large,-1.7697679253563032,-1.610359452953881
FFIV,2020-12-31,"F5 Networks, Inc.",Technology,Software—Infrastructure,3251258.0,large,-1.180979098740048,-0.18489055358108694
FICO,2020-12-31,Fair Isaac Corproation,Technology,Software—Application,3300153.0,large,-1.4166588639923556,-0.5283505544674713
FIS,2020-12-31,Fidelity National Information S,Technology,Information Technology Services,21269011.0,large,0.3417931389447279,-0.1329805625630748
FISV,2020-12-31,"Fiserv, Inc.",Technology,Information Technology Services,19830821.0,large,0.04066218852438756,0.2796304085661898
FITB,2020-12-31,Fifth Third Bancorp,Financial Services,Banks—Regional,5414893.0,large,0.12896345370011644,-1.375523040441649
FLAU,2020-12-31,Franklin FTSE Australia ETF,None,None,7514349.0,micro,1.979518807702584,-0.057110877783123994
FLEX,2020-12-31,Flex Ltd.,Technology,Electronic Components,14491093.0,mid,-0.32520817669791435,1.0043235009307436
FLIR,2020-12-31,"FLIR Systems, Inc.",Technology,Scientific & Technical Instruments,2834773.0,mid,-0.17279522189991645,0.344899893524053
FLSW,2020-12-31,Franklin FTSE Switzerland ETF,None,None,9918668.0,micro,1.8688638201677188,0.542161051282022
FLT,2020-12-31,"FleetCor Technologies, Inc.",Technology,Information Technology Services,5597714.0,large,-1.783459791384101,-0.530985402126464
FMC,2020-12-31,FMC Corporation,Basic Materials,Agricultural Inputs,5111519.0,large,-0.11172760018090229,-0.5831216283637941
FNF,2020-12-31,FNF Group of Fidelity National ,Financial Services,Insurance—Specialty,11986454.0,large,-0.1069249192894983,-1.41382468751356
FORD,2020-12-31,"Forward Industries, Inc.",Consumer Cyclical,Footwear & Accessories,5303601.0,micro,0.6342730725021287,3.9908035527844934
FOXA,2020-12-31,Fox Corporation,Communication Services,Broadcasting,4757515.0,large,1.2484912425892192,-0.008650498114872025
FRC,2020-12-31,FIRST REPUBLIC BANK,Financial Services,Banks—Regional,21921724.0,large,-1.1187474972307678,-0.25764469496150455
FSK,2020-12-31,FS KKR Capital Corp.,Financial Services,Asset Management,3018644.0,mid,7.3883860806962645,-2.22873770946156
FSLR,2020-12-31,"First Solar, Inc.",Technology,Solar,46699245.0,large,-0.8407277299853403,0.923741674227106
FTCV,2020-12-31,FinTech Acquisition Corp. V,Financial Services,Shell Companies,2785983.0,small,1.8804593635352451,0.6871697771636169
FTNT,2020-12-31,"Fortinet, Inc.",Technology,Software—Infrastructure,5018613.0,large,-0.8358574434654604,1.3686599831833457
FTV,2020-12-31,Fortive Corporation,Technology,Scientific & Technical Instruments,10550844.0,large,-1.2128492123459738,0.35646163495087374
FWONK,2020-12-31,Liberty Media Corporation - Ser,Communication Services,Broadcasting,7052473.0,large,-2.1667237240643296,2.721018521597872
FXI,2020-12-31,iShares China Large-Cap ETF,None,None,2335429.0,mid,2.375503107573142,-0.3195504007343033
G,2020-12-31,Genpact Limited,Technology,Information Technology Services,19057963.0,mid,-0.4864030970740522,0.24770314993648762
GD,2020-12-31,General Dynamics Corporation,None,None,5594822.0,large,1.4218325056637335,-1.9289901673816467
GE,2020-12-31,General Electric Company,Industrials,Specialty Industrial Machinery,34061638.0,large,8.839036507293063,2.900231799984574
GILD,2020-12-31,"Gilead Sciences, Inc.",Healthcare,Drug Manufacturers—General,103342994.0,large,1.3186771065189304,-1.939690783585925
GIS,2020-12-31,"General Mills, Inc.",Consumer Defensive,Packaged Foods,7541114.0,large,0.6428378859094008,-1.3841793377852718
GL,2020-12-31,Globe Life Inc.,Financial Services,Insurance—Life,2448189.0,mid,-0.607074977151342,-0.33130408260731153
GLDM,2020-12-31,SPDR Gold MiniShares Trust,None,None,21385361.0,mid,1.8971432382002675,0.6244996424683219
GLOB,2020-12-31,Globant S.A.,Technology,Software—Application,10634996.0,mid,-0.7298655178708795,0.6200603721875323
GLUU,2020-12-31,Glu Mobile Inc.,Communication Services,Electronic Gaming & Multimedia,32165463.0,small,-0.7409211399255454,1.627572735099174
GLW,2020-12-31,Corning Incorporated,Technology,Electronic Components,13540176.0,large,0.4363701485571096,-0.49318198593973717
GM,2020-12-31,General Motors Company,Consumer Cyclical,Auto Manufacturers,43143446.0,large,-1.168977241645801,1.0707681486168086
GOOGL,2020-12-31,Alphabet Inc.,Communication Services,Internet Content & Information,697685594.0,mega,-14.609293185037611,-5.80856475667435
GPC,2020-12-31,Genuine Parts Company,Consumer Cyclical,Specialty Retail,4908303.0,large,0.09327051042813171,-0.8632040295532838
GPN,2020-12-31,Global Payments Inc.,Industrials,Specialty Business Services,9496947.0,large,-0.42134049028130655,-0.048656050316551874
GRMN,2020-12-31,Garmin Ltd.,Technology,Scientific & Technical Instruments,8300849.0,large,-0.35798460285849326,1.8508995022057226
GS,2020-12-31,"Goldman Sachs Group, Inc. (The)",Financial Services,Capital Markets,45721887.0,large,-3.388520950012516,-4.10641952979423
GWW,2020-12-31,"W.W. Grainger, Inc.",Industrials,Industrial Distribution,7491020.0,large,-2.372376005443469,-1.9817229408391899
HAL,2020-12-31,Halliburton Company,Energy,Oil & Gas Equipment & Services,4099022.0,large,-2.3688926371296963,2.005217858747898
HCA,2020-12-31,"HCA Healthcare, Inc.",Healthcare,Medical Care Facilities,10058912.0,large,-3.13834092365635,-0.8681797429011759
HD,2020-12-31,"Home Depot, Inc. (The)",Consumer Cyclical,Home Improvement Retail,108801692.0,mega,-1.2643475523822185,-3.663427317723697
HES,2020-12-31,Hess Corporation,Energy,Oil & Gas E&P,3636064.0,large,-0.6857657375350635,3.4558303099078427
HIG,2020-12-31,Hartford Financial Services Gro,Financial Services,Insurance—Diversified,4297295.0,large,0.17221745310684744,-0.8256615050088475
HLIO,2020-12-31,"Helios Technologies, Inc.",Industrials,Specialty Industrial Machinery,55116068.0,small,-1.3014442558771984,1.2206864437597318
HLT,2020-12-31,Hilton Worldwide Holdings Inc.,Consumer Cyclical,Lodging,7977953.0,large,-0.7262320410819009,1.7433182665796458
HMSY,2020-12-31,HMS Holdings Corp,Healthcare,Health Information Services,6643073.0,mid,0.13532824530645676,0.5576030258026147
HOLX,2020-12-31,"Hologic, Inc.",Healthcare,Medical Instruments & Supplies,18383563.0,large,-1.0618427518150673,-0.357783042151451
HON,2020-12-31,Honeywell International Inc.,Industrials,Specialty Industrial Machinery,69597387.0,large,-0.4327910597217269,-1.2302104745264302
HPE,2020-12-31,Hewlett Packard Enterprise Comp,Technology,Communication Equipment,7033145.0,large,0.8402099118426833,-1.3585484381392166
HPQ,2020-12-31,HP Inc.,Technology,Computer Hardware,10008981.0,large,0.7046174057280578,-0.7840983323901185
HRL,2020-12-31,Hormel Foods Corporation,Consumer Defensive,Packaged Foods,5039122.0,large,0.20157413480850583,5.672637759914341
HSIC,2020-12-31,"Henry Schein, Inc.",Healthcare,Medical Distribution,2620413.0,large,-1.8099133262724019,0.8728744226374346
HST,2020-12-31,"Host Hotels & Resorts, Inc.",Real Estate,REIT—Hotel & Motel,3175376.0,large,-1.2027796217256415,1.8793298386154649
HSY,2020-12-31,The Hershey Company,Consumer Defensive,Confectioners,16844037.0,large,0.5018377787725495,-0.8537853406039376
HUM,2020-12-31,Humana Inc.,Healthcare,Healthcare Plans,19591447.0,large,-2.570957503133697,-2.347553121317235
HUN,2020-12-31,Huntsman Corporation,Basic Materials,Chemicals,30893775.0,mid,0.03137710644713521,0.7827847118319494
HWM,2020-12-31,Howmet Aerospace Inc.,Industrials,Specialty Industrial Machinery,4305442.0,large,-0.6355267464177439,0.9765738793196025
HXL,2020-12-31,Hexcel Corporation,Industrials,Aerospace & Defense,11827234.0,mid,-2.294518445723129,1.2969882781186415
IBM,2020-12-31,International Business Machines,Technology,Information Technology Services,31495724.0,large,0.19591821534836196,-2.7005269507323226
ICE,2020-12-31,Intercontinental Exchange Inc.,Financial Services,Financial Data & Stock Exchanges,32256232.0,large,0.06425084112871905,-0.5537353066771006
ICLR,2020-12-31,ICON plc,Healthcare,Diagnostics & Research,6263622.0,large,-0.8211901722600411,0.00551942053084826
ICUI,2020-12-31,"ICU Medical, Inc.",Healthcare,Medical Instruments & Supplies,4023021.0,mid,-0.10511842540973225,0.42570716295953914
IDXX,2020-12-31,"IDEXX Laboratories, Inc.",Healthcare,Diagnostics & Research,13336055.0,large,-1.0674793611808557,-0.475928599208569
IEFA,2020-12-31,iShares Core MSCI EAFE ETF,None,None,6991892.0,large,2.1563131918070697,-0.19510095277798412
IEX,2020-12-31,IDEX Corporation,Industrials,Specialty Industrial Machinery,10807945.0,large,-0.3103044262911837,-0.3388804081515277
IFF,2020-12-31,Internationa Flavors & Fragranc,Basic Materials,Specialty Chemicals,14405983.0,large,-0.33743033867357825,-2.4605706032647015
IIVI,2020-12-31,II-VI Incorporated,Technology,Scientific & Technical Instruments,3463577.0,mid,-3.3222175295385843,1.2936656709144525
ILMN,2020-12-31,"Illumina, Inc.",Healthcare,Diagnostics & Research,13707592.0,large,-0.9403358518435351,0.07069749513030645
INCY,2020-12-31,Incyte Corporation,Healthcare,Biotechnology,4257396.0,large,-0.16707679146544377,1.2553000427978347
INFO,2020-12-31,IHS Markit Ltd.,Industrials,Consulting Services,10244632.0,large,0.15184447156148317,0.24529341843240593
INTC,2020-12-31,Intel Corporation,Technology,Semiconductors,140572121.0,mega,3.5356944911800543,-3.04655534489683
INTU,2020-12-31,Intuit Inc.,Technology,Software—Application,51796510.0,large,-0.7007258138820767,-0.7602155967205053
INVH,2020-12-31,Invitation Homes Inc.,Real Estate,REIT—Residential,4155029.0,large,0.6646057477318421,-0.0487759476183397
IP,2020-12-31,International Paper Company,Consumer Cyclical,Packaging & Containers,6958602.0,large,0.744482907989341,-1.4846548630468062
IQV,2020-12-31,"IQVIA Holdings, Inc.",Healthcare,Diagnostics & Research,38965135.0,large,-0.7810489833305487,0.3824438395616157
IR,2020-12-31,Ingersoll Rand Inc.,Industrials,Specialty Industrial Machinery,6562949.0,large,-0.6538085555390695,0.851709843264478
ISRG,2020-12-31,"Intuitive Surgical, Inc.",Healthcare,Medical Instruments & Supplies,35305150.0,large,-1.2610750081870372,-0.8567894508740498
ITRI,2020-12-31,"Itron, Inc.",Technology,Scientific & Technical Instruments,3798532.0,mid,-0.12964101856193147,0.7729373663851519
ITW,2020-12-31,Illinois Tool Works Inc.,Industrials,Specialty Industrial Machinery,29087928.0,large,-0.5568372920282426,-0.9025012055166978
IXN,2020-12-31,iShares Global Tech ETF,None,None,2725354.0,mid,1.8660708305719236,0.4747563042851082
J,2020-12-31,Jacobs Engineering Group Inc.,Industrials,Engineering & Construction,21122726.0,large,-0.1558489882516362,-0.12289492329851097
JBHT,2020-12-31,"J.B. Hunt Transport Services, I",Industrials,Integrated Freight & Logistics,2364863.0,large,-0.5206010694755759,1.7488141921072178
JCI,2020-12-31,Johnson Controls International ,Industrials,Engineering & Construction,8939366.0,large,0.30999666810622145,-0.31240526358717874
JD,2020-12-31,"JD.com, Inc.",Consumer Cyclical,Internet Retail,54046819.0,large,0.2880360738863794,0.9526490476317817
JNJ,2020-12-31,Johnson & Johnson,Healthcare,Drug Manufacturers—General,392604707.0,mega,1.2870727097447943,-5.379985370523392
JNPR,2020-12-31,"Juniper Networks, Inc.",Technology,Communication Equipment,2957688.0,mid,0.6788738625543959,-0.636699873472165
JPM,2020-12-31,JP Morgan Chase & Co.,Financial Services,Banks—Diversified,256517231.0,mega,0.6939951783233966,-4.593952926939267
K,2020-12-31,Kellogg Company,Consumer Defensive,Packaged Foods,6515860.0,large,0.3232649048460223,-2.0205909455597237
KDP,2020-12-31,Keurig Dr Pepper Inc.,Consumer Defensive,Beverages—Non-Alcoholic,3607027.0,large,-0.9074066757139169,5.01388833486826
KEY,2020-12-31,KeyCorp,Financial Services,Banks—Regional,4652718.0,large,0.7045276224680529,-1.8290018010858664
KEYS,2020-12-31,Keysight Technologies Inc.,Technology,Scientific & Technical Instruments,33685204.0,large,-0.9772259430240915,0.24862299237085178
KHC,2020-12-31,The Kraft Heinz Company,Consumer Defensive,Packaged Foods,8899596.0,large,0.9487707519146453,-2.056881413144167
KKR,2020-12-31,KKR & Co. Inc.,Financial Services,Asset Management,7033550.0,large,-0.7249133201680378,0.05973233806114084
KLAC,2020-12-31,KLA Corporation,Technology,Semiconductor Equipment & Materials,11536698.0,large,-1.2563346004199056,-1.2763863650630254
KMB,2020-12-31,Kimberly-Clark Corporation,Consumer Defensive,Household & Personal Products,23118848.0,large,0.05175672911920118,-1.9022767598817683
KMI,2020-12-31,"Kinder Morgan, Inc.",Energy,Oil & Gas Midstream,9020864.0,large,3.4104853863799716,-2.3333515884339535
KMX,2020-12-31,CarMax Inc,Consumer Cyclical,Auto & Truck Dealerships,3959921.0,large,-1.4692172578488156,0.46884704130374033
KO,2020-12-31,Coca-Cola Company (The),Consumer Defensive,Beverages—Non-Alcoholic,79255582.0,mega,3.221952407517796,-2.325516116924095
KR,2020-12-31,Kroger Company (The),Consumer Defensive,Grocery Stores,9022349.0,large,1.0328310171216821,-0.3510097787104299
KSU,2020-12-31,Kansas City Southern,Industrials,Railroads,6702748.0,large,-0.49026811606206167,-0.7141339167910601
LAUR,2020-12-31,"Laureate Education, Inc.",Consumer Defensive,Education & Training Services,10733780.0,mid,-1.8106712053515883,2.086838860084208
LB,2020-12-31,"L Brands, Inc.",Consumer Cyclical,Apparel Retail,14377849.0,large,-0.8361987264508701,2.036103284916149
LEU,2020-12-31,Centrus Energy Corp.,Energy,Uranium,8721343.0,small,-4.392386136431571,3.4833973723961935
LGIH,2020-12-31,"LGI Homes, Inc.",Consumer Cyclical,Residential Construction,7036365.0,mid,-2.723599626677798,0.16524107340089705
LH,2020-12-31,Laboratory Corporation of Ameri,Healthcare,Diagnostics & Research,48513144.0,large,-2.042403798155319,-1.696314153078709
LHX,2020-12-31,"L3Harris Technologies, Inc.",Industrials,Aerospace & Defense,6776816.0,large,-0.250942366810456,-1.3938565417286846
LIN,2020-12-31,Linde plc,Basic Materials,Specialty Chemicals,68849260.0,large,-0.23902539854274896,-1.1468509131770213
LKQ,2020-12-31,LKQ Corporation,Consumer Cyclical,Auto Parts,3592946.0,large,-1.045741319397407,0.6430022327716626
LLY,2020-12-31,Eli Lilly and Company,Healthcare,Drug Manufacturers—General,63086765.0,large,0.37077447047813505,-1.8743227176430117
LMT,2020-12-31,Lockheed Martin Corporation,Industrials,Aerospace & Defense,22990040.0,large,-2.5483344203304243,-4.085462040377631
LNC,2020-12-31,Lincoln National Corporation,Financial Services,Insurance—Life,3562240.0,large,-2.307616184022024,-0.4224177718967155
LNG,2020-12-31,"Cheniere Energy, Inc.",Energy,Oil & Gas Midstream,3294426.0,large,-0.8094571910494993,0.4010130930339298
LOW,2020-12-31,"Lowe's Companies, Inc.",Consumer Cyclical,Home Improvement Retail,77854111.0,large,-0.7966747751114241,-1.191595858685865
LPLA,2020-12-31,LPL Financial Holdings Inc.,Financial Services,Capital Markets,31767183.0,mid,-0.7518016338796901,-0.23419294237334157
LRCX,2020-12-31,Lam Research Corporation,Technology,Semiconductor Equipment & Materials,18473494.0,large,-2.467561414849536,-2.7296006921030127
LULU,2020-12-31,lululemon athletica inc.,Consumer Cyclical,Apparel Retail,14565092.0,large,-0.751528965981136,0.24573303057854687
LUV,2020-12-31,Southwest Airlines Company,Industrials,Airlines,6228311.0,large,0.7186909004002562,2.016803414424659
LVS,2020-12-31,Las Vegas Sands Corp.,Consumer Cyclical,Resorts & Casinos,4965773.0,large,-4.291474551774941,5.1718506651978915
LYB,2020-12-31,LyondellBasell Industries NV,Basic Materials,Specialty Chemicals,6930301.0,large,0.5529491248991615,2.744525425298439
MA,2020-12-31,Mastercard Incorporated,Financial Services,Credit Services,170599605.0,mega,1.233790979965634,2.401940992278548
MAA,2020-12-31,Mid-America Apartment Communiti,Real Estate,REIT—Residential,22554237.0,large,0.7549687053244013,-0.7015221160171715
MAIN,2020-12-31,Main Street Capital Corporation,Financial Services,Asset Management,2826681.0,mid,1.1796973209536168,-3.6206583331233686
MAR,2020-12-31,Marriott International,Consumer Cyclical,Lodging,8240863.0,large,-2.0311343634111174,2.7552373213941888
MARA,2020-12-31,"Marathon Patent Group, Inc.",Financial Services,Capital Markets,5338055.0,mid,-4.2531037351485965,5.126789516373715
MAS,2020-12-31,Masco Corporation,Industrials,Building Products & Equipment,5396189.0,large,-1.3004539452888213,-0.09372638325674791
MASI,2020-12-31,Masimo Corporation,Healthcare,Medical Instruments & Supplies,2765502.0,large,-0.563200657569062,0.5777331659706451
MBT,2020-12-31,Mobile TeleSystems PJSC,Communication Services,Telecom Services,5501341.0,mid,-7.14033691903573,-12.408882094211974
MCD,2020-12-31,McDonald's Corporation,Consumer Cyclical,Restaurants,65560508.0,large,0.2991724312125154,-1.4671927266295433
MCHI,2020-12-31,iShares MSCI China ETF,None,None,5277535.0,mid,1.9053554506770973,0.18211044387989203
MCK,2020-12-31,McKesson Corporation,Healthcare,Medical Distribution,11153768.0,large,-1.5831301944141236,-1.7689994070514596
MCO,2020-12-31,Moody's Corporation,Financial Services,Financial Data & Stock Exchanges,13253998.0,large,-1.2715513440509858,-0.989803715488934
MDLZ,2020-12-31,"Mondelez International, Inc.",Consumer Defensive,Confectioners,121959856.0,large,1.247154831606789,-0.9661033269079121
MDT,2020-12-31,Medtronic plc.,Healthcare,Medical Devices,95233231.0,large,0.8028517764388557,-0.9897155232179378
MDYV,2020-12-31,SPDR S&P 400 Mid Cap Value ETF ,None,None,7971772.0,small,1.9268048753849374,0.08741956662265245
MELI,2020-12-31,"MercadoLibre, Inc.",Consumer Cyclical,Internet Retail,41435289.0,large,-2.9775456999358867,4.187975292269051
MGA,2020-12-31,"Magna International, Inc.",Consumer Cyclical,Auto Parts,10518511.0,large,0.17598883881645735,0.5314162930355218
MGM,2020-12-31,MGM Resorts International,Consumer Cyclical,Resorts & Casinos,3578090.0,large,1.7830294803083326,1.801440648916062
MHH,2020-12-31,"Mastech Digital, Inc",Industrials,Staffing & Employment Services,38240781.0,micro,-0.8540294242765075,6.860808289589299
MHK,2020-12-31,"Mohawk Industries, Inc.",Consumer Cyclical,"Furnishings, Fixtures & Appliances",8546392.0,large,-2.2004904122072,0.8028517057014181
MINT,2020-12-31,PIMCO Enhanced Short Maturity A,None,None,3052901.0,large,1.857921582423717,0.4808849048483327
MKC,2020-12-31,"McCormick & Company, Incorporat",Consumer Defensive,Packaged Foods,9859762.0,large,0.3433087963225007,-0.03622980440750583
MLM,2020-12-31,"Martin Marietta Materials, Inc.",Basic Materials,Building Materials,26836353.0,large,-0.5785309514864447,-1.1708777691846686
MMC,2020-12-31,"Marsh & McLennan Companies, Inc",Financial Services,Insurance Brokers,15879585.0,large,0.02849797434888612,-0.47797777613942505
MMM,2020-12-31,3M Company,Industrials,Specialty Industrial Machinery,42613769.0,large,-0.10478725191473708,-1.6469582865668626
MNST,2020-12-31,Monster Beverage Corporation,Consumer Defensive,Beverages—Non-Alcoholic,8520742.0,large,-0.565712074735683,2.9809914596103932
MO,2020-12-31,"Altria Group, Inc.",Consumer Defensive,Tobacco,13254416.0,large,2.3097758744285963,-3.5504564950428286
MOD,2020-12-31,Modine Manufacturing Company,Consumer Cyclical,Auto Parts,10588081.0,small,-2.0192633510550153,2.2651411958786616
MPWR,2020-12-31,"Monolithic Power Systems, Inc.",Technology,Semiconductors,2916822.0,large,-0.24499071056795532,-0.08434548649165943
MRK,2020-12-31,"Merck & Company, Inc.",Healthcare,Drug Manufacturers—General,93352572.0,large,1.4229337733230327,-2.213525945633231
MRNA,2020-12-31,"Moderna, Inc.",Healthcare,Biotechnology,8628316.0,large,3.6333013312812583,8.298789106910302
MRNS,2020-12-31,"Marinus Pharmaceuticals, Inc.",Healthcare,Biotechnology,2865815.0,small,-6.809268526182676,3.4269130836218795
MRVL,2020-12-31,Marvell Technology Group Ltd.,Technology,Semiconductors,8830364.0,large,-1.7943285057596499,0.12080008882771295
MS,2020-12-31,Morgan Stanley,Financial Services,Capital Markets,91168372.0,large,0.02453011417690834,2.430587026618432
MSA,2020-12-31,MSA Safety Incorporated,Industrials,Security & Protection Services,12761368.0,mid,-6.345368748898785,1.4262018824550837
MSCI,2020-12-31,MSCI Inc,Financial Services,Financial Data & Stock Exchanges,3910940.0,large,-0.8261617553561784,-0.8751623545529273
MSFT,2020-12-31,Microsoft Corporation,Technology,Software—Infrastructure,1161816085.0,mega,11.40308361112251,-14.298780116473958
MSI,2020-12-31,"Motorola Solutions, Inc.",Technology,Communication Equipment,16221652.0,large,-0.13453916095057766,-0.6416680684375328
MTCH,2020-12-31,"Match Group, Inc.",Communication Services,Internet Content & Information,11793213.0,large,0.5151930529183414,1.4821861811378292
MTD,2020-12-31,"Mettler-Toledo International, I",Healthcare,Diagnostics & Research,4469626.0,large,-3.7981469813060764,-2.9079120641934457
MU,2020-12-31,"Micron Technology, Inc.",Technology,Semiconductors,63987063.0,large,-0.7677866718035533,-0.9324377845965935
MXIM,2020-12-31,"Maxim Integrated Products, Inc.",Technology,Semiconductors,6248865.0,large,-1.8658245901581576,0.41784957598719646
NBIX,2020-12-31,"Neurocrine Biosciences, Inc.",Healthcare,Biotechnology,3374591.0,large,-1.5794182834192305,-0.040657740649906834
NDAQ,2020-12-31,"Nasdaq, Inc.",Financial Services,Financial Data & Stock Exchanges,3814025.0,large,-0.22049967058834627,1.4360335537564133
NDSN,2020-12-31,Nordson Corporation,Industrials,Specialty Industrial Machinery,4471733.0,large,-0.2867287811554627,0.5290681172435583
NEE,2020-12-31,"NextEra Energy, Inc.",Utilities,Utilities—Regulated Electric,49104036.0,large,1.4814541141891673,-0.9291162483195898
NEM,2020-12-31,Newmont Corporation,Basic Materials,Gold,17371791.0,large,1.2679068212076607,-0.7510861159875771
NET,2020-12-31,"Cloudflare, Inc.",Technology,Software—Infrastructure,2668894.0,large,1.523071122148957,2.373750495142336
NFLX,2020-12-31,"Netflix, Inc.",Communication Services,Entertainment,67046111.0,mega,-0.9781470761845843,-1.5924858044419157
NI,2020-12-31,NiSource Inc,Utilities,Utilities—Regulated Gas,2525329.0,mid,1.7239835217601676,-0.9090838940062451
NIO,2020-12-31,NIO Inc.,Consumer Cyclical,Auto Manufacturers,6453005.0,large,14.09634492290859,5.5794870015547335
NKE,2020-12-31,"Nike, Inc.",Consumer Cyclical,Footwear & Accessories,120858171.0,mega,0.13098763074999584,-1.5290555540500197
NOC,2020-12-31,Northrop Grumman Corporation,Industrials,Aerospace & Defense,13035999.0,large,-2.2229527509636715,-3.1574281486238114
NOVN,2020-12-31,"Novan, Inc.",Healthcare,Biotechnology,5445790.0,micro,2.272177796120778,1.208518954623083
NOW,2020-12-31,"ServiceNow, Inc.",Technology,Software—Application,31329216.0,large,0.06989699082786943,0.5977194554056315
NSC,2020-12-31,Norfolk Southern Corporation,Industrials,Railroads,20671047.0,large,-0.8958392533318515,-1.0909684021885646
NTAP,2020-12-31,"NetApp, Inc.",Technology,Computer Hardware,3887919.0,large,-1.6979601756631435,-0.3577249949155964
NTB,2020-12-31,Bank of N.T. Butterfield & Son ,Financial Services,Banks—Diversified,8781681.0,small,0.37708237989730903,-2.8592300392290984
NTES,2020-12-31,"NetEase, Inc.",Communication Services,Internet Content & Information,4926439.0,large,-2.3051746065022565,-2.7883573914176267
NTR,2020-12-31,Nutrien Ltd.,Basic Materials,Agricultural Inputs,3352082.0,large,0.953103006699045,-0.6296010538906073
NUE,2020-12-31,Nucor Corporation,Basic Materials,Steel,6028889.0,large,0.13048370043996005,-0.9167184361320835
NVDA,2020-12-31,NVIDIA Corporation,Technology,Semiconductors,98695727.0,mega,-1.6399027081337652,-2.157174619946119
NVST,2020-12-31,Envista Holdings Corporation,Healthcare,Medical Instruments & Supplies,3560214.0,mid,-5.048760855098274,5.1212319314701364
NWL,2020-12-31,Newell Brands Inc.,Consumer Defensive,Household & Personal Products,3274603.0,large,0.6798676497561544,-0.8481586434122865
NXPI,2020-12-31,NXP Semiconductors N.V.,Technology,Semiconductors,18210263.0,large,-0.6671137981818206,-0.20915821506543225
O,2020-12-31,Realty Income Corporation,Real Estate,REIT—Retail,5614642.0,large,1.2058569889937933,-1.7978261998078477
OC,2020-12-31,Owens Corning Inc,Industrials,Building Products & Equipment,4320561.0,mid,-0.6472877165206923,0.21515630321186627
ODFL,2020-12-31,"Old Dominion Freight Line, Inc.",Industrials,Trucking,6288305.0,large,-0.7837645968705718,0.5673215136364557
OGE,2020-12-31,OGE Energy Corp,Utilities,Utilities—Regulated Electric,2416059.0,mid,1.8569377546622094,-1.5787806542169804
OIH,2020-12-31,VanEck Vectors Oil Services ETF,None,None,4844308.0,small,1.8806411271869594,0.30518198998807733
OIIM,2020-12-31,O2Micro International Limited,Technology,Semiconductors,22069812.0,micro,0.6556945911903135,0.6207860937510775
OKE,2020-12-31,"ONEOK, Inc.",Energy,Oil & Gas Midstream,4897932.0,large,1.578598182838681,-4.345324493681472
OKTA,2020-12-31,"Okta, Inc.",Technology,Software—Infrastructure,7535958.0,large,-21.06384536629976,19.163877052163418
OMC,2020-12-31,Omnicom Group Inc.,Communication Services,Advertising Agencies,32275570.0,large,0.02193621708020028,1.5867012459667822
OMCL,2020-12-31,"Omnicell, Inc.",Healthcare,Health Information Services,3552660.0,mid,-0.931885677463739,0.7811408387488832
ON,2020-12-31,ON Semiconductor Corporation,Technology,Semiconductors,3609053.0,large,-1.5721706057188871,1.01224292436871
ORCL,2020-12-31,Oracle Corporation,Technology,Software—Infrastructure,416869346.0,large,6.2972773189394475,1.795113243703766
ORLY,2020-12-31,"O'Reilly Automotive, Inc.",Consumer Cyclical,Specialty Retail,8951293.0,large,-2.51200291948662,-3.208826355608877
OTIS,2020-12-31,Otis Worldwide Corporation,Industrials,Specialty Industrial Machinery,12427709.0,large,1.1537403595127516,-0.038790075603158926
PANW,2020-12-31,"Palo Alto Networks, Inc.",Technology,Software—Infrastructure,17812472.0,large,-2.7387291828263476,1.2630347768641565
PAYC,2020-12-31,"Paycom Software, Inc.",Technology,Software—Application,5126344.0,large,1.0643966260680398,1.7113992793403352
PAYX,2020-12-31,"Paychex, Inc.",Industrials,Staffing & Employment Services,10848282.0,large,0.24972592275558442,0.5731081116209117
PBR,2020-12-31,Petroleo Brasileiro S.A.- Petro,Energy,Oil & Gas Integrated,26230980.0,large,4.020709214552824,-1.3669972744464312
PCAR,2020-12-31,PACCAR Inc.,Industrials,Farm & Heavy Construction Machinery,11804744.0,large,-0.12879981918650774,-0.21898376362028615
PCG,2020-12-31,Pacific Gas & Electric Co.,Utilities,Utilities—Regulated Electric,3877883.0,large,-1.2636675237146104,3.2884321482367116
PDD,2020-12-31,Pinduoduo Inc.,Consumer Cyclical,Internet Retail,7140347.0,mega,0.25680756327066306,2.368264187027796
PEAK,2020-12-31,"Healthpeak Properties, Inc.",Real Estate,REIT—Healthcare Facilities,6184885.0,large,2.306690583882948,-1.909766261181481
PEG,2020-12-31,Public Service Enterprise Group,Utilities,Utilities—Diversified,4340554.0,large,0.8435134379540422,-1.0351536370230356
PENN,2020-12-31,"Penn National Gaming, Inc.",Consumer Cyclical,Resorts & Casinos,4566623.0,large,-1.7412642695895073,2.652430289628502
PEP,2020-12-31,"Pepsico, Inc.",Consumer Defensive,Beverages—Non-Alcoholic,95057868.0,large,0.7889484054226908,-1.6539699099139327
PFE,2020-12-31,"Pfizer, Inc.",Healthcare,Drug Manufacturers—General,166627004.0,large,4.58227525892879,-3.7957481209572568
PG,2020-12-31,Procter & Gamble Company (The),Consumer Defensive,Household & Personal Products,147233106.0,mega,1.2712943225080218,-2.7889340381858743
PGR,2020-12-31,Progressive Corporation (The),Financial Services,Insurance—Property & Casualty,15256188.0,large,0.18488186221332256,-0.3267238524626668
PH,2020-12-31,Parker-Hannifin Corporation,Industrials,Specialty Industrial Machinery,12324097.0,large,-1.661553418396108,-1.3580390532014952
PINS,2020-12-31,"Pinterest, Inc.",Communication Services,Internet Content & Information,6841135.0,large,5.180446756913035,3.8464675627938187
PKG,2020-12-31,Packaging Corporation of Americ,Consumer Cyclical,Packaging & Containers,4960626.0,large,0.19482566461295728,-1.110272324066332
PKI,2020-12-31,"PerkinElmer, Inc.",Healthcare,Diagnostics & Research,4431624.0,large,-1.0292220430637793,-0.32349270565985583
PLD,2020-12-31,"Prologis, Inc.",Real Estate,REIT—Industrial,29077009.0,large,0.4462383713904408,-0.6448146798242246
PLTR,2020-12-31,Palantir Technologies Inc.,Technology,Software—Infrastructure,3363809.0,large,5.310451883807767,5.218520002265654
PM,2020-12-31,Philip Morris International Inc,Consumer Defensive,Tobacco,12769614.0,large,1.1569620670331178,-2.606362904395222
PNC,2020-12-31,"PNC Financial Services Group, I",Financial Services,Banks—Regional,15759158.0,large,-0.7790466288058885,-1.9509903796314214
PNR,2020-12-31,Pentair plc.,Industrials,Specialty Industrial Machinery,3135367.0,mid,-0.22115536968884209,-0.04561742578386584
POOL,2020-12-31,Pool Corporation,Consumer Cyclical,Leisure,2907674.0,large,-0.8386813907194164,-0.3142120800267927
PPG,2020-12-31,"PPG Industries, Inc.",Basic Materials,Specialty Chemicals,12669408.0,large,-0.3405760766661137,-0.4630797821637947
PPL,2020-12-31,PPL Corporation,Utilities,Utilities—Regulated Electric,2859903.0,large,1.490837999910618,-2.4741241116842208
PRGO,2020-12-31,Perrigo Company plc,Healthcare,Drug Manufacturers—Specialty & Generic,6756539.0,mid,-1.1932642611433384,0.13298345113653134
PRU,2020-12-31,"Prudential Financial, Inc.",Financial Services,Insurance—Life,9429717.0,large,-0.45655776182611757,-3.3822416265632085
PSA,2020-12-31,Public Storage,Real Estate,REIT—Industrial,12192914.0,large,0.26860754864671477,-2.6410885530417527
PSX,2020-12-31,Phillips 66,Energy,Oil & Gas Refining & Marketing,4885675.0,large,0.627071282200082,-2.5273677167937274
PTC,2020-12-31,PTC Inc.,Technology,Software—Application,25996324.0,large,-0.3794157460999115,0.9420635952126317
PTON,2020-12-31,"Peloton Interactive, Inc.",Consumer Cyclical,Leisure,9948002.0,large,1.6068710843691352,1.1411797362606115
PVH,2020-12-31,PVH Corp.,Consumer Cyclical,Apparel Manufacturing,13641897.0,mid,-0.4362142061870916,3.2936844420516618
PXD,2020-12-31,Pioneer Natural Resources Compa,Energy,Oil & Gas E&P,4977888.0,large,-1.222656619822433,0.28122431912160556
PYPL,2020-12-31,"PayPal Holdings, Inc.",Financial Services,Credit Services,142716894.0,mega,-0.8869625945965911,-2.3969760304810777
QARP,2020-12-31,Xtrackers Russell 1000 US Quali,None,None,7673065.0,micro,1.9711183007304345,-0.035546524754988665
QCOM,2020-12-31,QUALCOMM Incorporated,Technology,Semiconductors,82839328.0,large,-0.4042396737447209,-1.4722065308480576
QQEW,2020-12-31,First Trust NASDAQ-100 Equal We,None,None,3921603.0,small,1.8701677352935806,0.5586514737789366
QQQ,2020-12-31,"Invesco QQQ Trust, Series 1",None,None,34275167.0,large,3.163543485676346,0.41892682544472715
QRVO,2020-12-31,"Qorvo, Inc.",Technology,Semiconductors,5947623.0,large,-1.0770269332278566,-0.22399150331057602
QTEC,2020-12-31,First Trust NASDAQ-100- Technol,None,None,2862931.0,mid,1.870691579199698,0.5744272487612171
QUS,2020-12-31,SPDR MSCI USA StrategicFactors ,None,None,4498583.0,small,1.9694027321663006,-0.026169275783284773
QVAL,2020-12-31,Alpha Architect U.S. Quantitati,None,None,9486525.0,micro,2.2709876371494926,-0.6244499489240989
RCL,2020-12-31,D/B/A Royal Caribbean Cruises L,Consumer Cyclical,Travel Services,38052879.0,large,0.7523356355964478,6.20405460369832
REGI,2020-12-31,"Renewable Energy Group, Inc.",Energy,Oil & Gas Refining & Marketing,21964842.0,mid,-1.2712180017139625,0.37154366541239664
REGN,2020-12-31,"Regeneron Pharmaceuticals, Inc.",Healthcare,Biotechnology,24127250.0,large,-4.152281934387301,-4.7249032675408085
REX,2020-12-31,REX American Resources Corporat,Energy,Oil & Gas Refining & Marketing,16385887.0,small,-1.9312730744864077,1.7687817861029471
RF,2020-12-31,Regions Financial Corporation,Financial Services,Banks—Regional,4457470.0,large,0.18719343739149852,-1.3850200008614237
RMD,2020-12-31,ResMed Inc.,Healthcare,Medical Instruments & Supplies,9057922.0,large,0.4312846730599459,-0.15618679972519667
RNG,2020-12-31,"Ringcentral, Inc.",Technology,Software—Application,5856805.0,large,-3.3589971564948162,3.2537019886638174
ROK,2020-12-31,"Rockwell Automation, Inc.",Industrials,Specialty Industrial Machinery,38954999.0,large,-0.9386768998757521,-0.8780934786039345
ROKU,2020-12-31,"Roku, Inc.",Communication Services,Entertainment,9135283.0,large,0.3563651424746935,2.8983294892266325
ROP,2020-12-31,"Roper Technologies, Inc.",Industrials,Specialty Industrial Machinery,28321559.0,large,-1.2842721361260827,-0.9388479608804036
ROST,2020-12-31,"Ross Stores, Inc.",Consumer Cyclical,Apparel Retail,35006362.0,large,-0.19101538613219815,0.719142784134445
RP,2020-12-31,"RealPage, Inc.",Technology,Software—Application,7136396.0,mid,-0.5407140797575346,1.2674686907625572
RPM,2020-12-31,RPM International Inc.,Basic Materials,Specialty Chemicals,5676517.0,large,0.06773945339972395,-0.2975281160230388
RQI,2020-12-31,Cohen & Steers Quality Income R,Financial Services,Asset Management,5549817.0,small,10.400798326941556,-0.21812143881556612
RSG,2020-12-31,"Republic Services, Inc.",Industrials,Waste Management,5356027.0,large,0.3825805959055401,-0.3505823803620828
RTX,2020-12-31,Raytheon Technologies Corporati,Industrials,Aerospace & Defense,32109550.0,large,0.7922012601620062,-0.823883582296196
RUN,2020-12-31,Sunrun Inc.,Technology,Solar,35331911.0,large,-2.228731135170529,2.14797386069483
SAN,2020-12-31,"Banco Santander, S.A. Sponsored",Financial Services,Banks—Diversified,6373935.0,large,7.639586351682368,-10.029948947277445
SANM,2020-12-31,Sanmina Corporation,Technology,Electronic Components,37850113.0,mid,-1.2447579002928921,0.7422337757011767
SBAC,2020-12-31,SBA Communications Corporation,Real Estate,REIT—Specialty,7669928.0,large,1.235892818274785,0.4297660410725805
SBNY,2020-12-31,Signature Bank,Financial Services,Banks—Regional,6551213.0,large,-2.0349727506048745,-1.02864413098385
SBUX,2020-12-31,Starbucks Corporation,Consumer Cyclical,Restaurants,63311422.0,large,0.7516613231159025,-0.27129691035221704
SCHE,2020-12-31,Schwab Emerging Markets Equity ,None,None,13442195.0,mid,2.177897723384796,-0.550741669175398
SCHO,2020-12-31,Schwab Short-Term U.S. Treasury,None,None,14757822.0,mid,1.8603768590979308,0.3874913968439171
SCHP,2020-12-31,Schwab U.S. TIPs ETF,None,None,16626982.0,large,1.8795332062154102,0.628274661510296
SCHW,2020-12-31,Charles Schwab Corporation (The,Financial Services,Capital Markets,28160679.0,large,0.6738164273214798,0.13681945152373343
SCHZ,2020-12-31,Schwab US Aggregate Bond ETF,None,None,27310241.0,mid,2.010785905318733,-0.2140039360889697
SE,2020-12-31,Sea Limited,Communication Services,Electronic Gaming & Multimedia,9940645.0,large,-1.5687760185462891,3.1786479596084454
SEIC,2020-12-31,SEI Investments Company,Financial Services,Asset Management,13152352.0,mid,-0.14460784642736685,1.2891183141930345
SGEN,2020-12-31,Seagen Inc.,Healthcare,Biotechnology,3331816.0,large,-1.2453534517555027,0.37149672298047637
SHOP,2020-12-31,Shopify Inc.,Technology,Software—Application,11730547.0,large,-2.600351754356905,-5.903199823056992
SHW,2020-12-31,Sherwin-Williams Company (The),Basic Materials,Specialty Chemicals,20654639.0,large,-3.05524395352188,-2.7160895295281158
SIVB,2020-12-31,SVB Financial Group,Financial Services,Banks—Regional,3242721.0,large,-3.379946312460053,-2.313208995327572
SLB,2020-12-31,Schlumberger N.V.,Energy,Oil & Gas Equipment & Services,8961571.0,large,0.6842864779732227,2.796508102701977
SLM,2020-12-31,SLM Corporation,Financial Services,Credit Services,18256739.0,mid,-1.5824290868077486,-0.2417883396244595
SNAP,2020-12-31,Snap Inc.,Communication Services,Internet Content & Information,14195081.0,large,0.479941608802105,4.37623821398602
SNPS,2020-12-31,"Synopsys, Inc.",Technology,Software—Infrastructure,11024646.0,large,-0.7315050259666666,-0.01988192364956724
SO,2020-12-31,Southern Company (The),Utilities,Utilities—Regulated Electric,20713339.0,large,1.301604368433941,-1.4317158400726764
SPG,2020-12-31,"Simon Property Group, Inc.",Real Estate,REIT—Retail,8786824.0,large,1.0895247724742336,1.1069375256900928
SPGI,2020-12-31,S&P Global Inc.,Financial Services,Financial Data & Stock Exchanges,112012384.0,large,-2.7152777490471465,-2.0135859548107704
SPLK,2020-12-31,Splunk Inc.,Technology,Software—Infrastructure,7142016.0,large,-0.35465465404973145,2.209715574450186
SPOT,2020-12-31,Spotify Technology S.A.,Communication Services,Internet Content & Information,5426820.0,large,-0.5477685775680036,3.4742466742715714
SPY,2020-12-31,SPDR S&P 500,None,None,168874521.0,mega,6.137975918516335,-0.662103086845586
SQ,2020-12-31,"Square, Inc.",Technology,Software—Infrastructure,24421245.0,large,-1.896880668790543,-16.30275434826988
SRCL,2020-12-31,"Stericycle, Inc.",Industrials,Waste Management,21283156.0,mid,-1.2040443851280886,1.0532041212391394
SRE,2020-12-31,Sempra Energy,Utilities,Utilities—Diversified,9155560.0,large,0.9149114822511254,-1.375515480501759
SRPT,2020-12-31,"Sarepta Therapeutics, Inc.",Healthcare,Biotechnology,7037826.0,mid,1.7324789199701043,4.7584284917794
SRVR,2020-12-31,Pacer Benchmark Data & Infrastr,None,None,6590675.0,small,1.9151245347668004,0.13416382599534946
STLD,2020-12-31,"Steel Dynamics, Inc.",Basic Materials,Steel,41658532.0,mid,1.4000500430720237,-0.4647958623807666
STT,2020-12-31,State Street Corporation,Financial Services,Asset Management,6125304.0,large,-0.6193009059728283,-1.1418032010526937
STX,2020-12-31,Seagate Technology PLC,Technology,Computer Hardware,4440576.0,large,0.06009831117705514,-1.453170186600301
STZ,2020-12-31,"Constellation Brands, Inc.",Consumer Defensive,Beverages—Wineries & Distilleries,11077920.0,large,-1.1801890446284864,-0.9233777115323649
SWK,2020-12-31,"Stanley Black & Decker, Inc.",Industrials,Tools & Accessories,10349543.0,large,-0.9506775539300627,-0.8481834238358134
SWKS,2020-12-31,"Skyworks Solutions, Inc.",Technology,Semiconductors,7133944.0,large,-0.6989380550537856,-0.8135278811509331
SYF,2020-12-31,Synchrony Financial,Financial Services,Credit Services,5897768.0,large,-0.7027388867378234,-0.9666194948129854
SYK,2020-12-31,Stryker Corporation,Healthcare,Medical Devices,22701852.0,large,-0.5150502101900437,-0.4505255712478314
SYY,2020-12-31,Sysco Corporation,Consumer Defensive,Food Distribution,17458974.0,large,0.046648378246602035,0.17967212665859397
T,2020-12-31,AT&T Inc.,Communication Services,Telecom Services,70543179.0,mega,5.397476529214199,-4.34249724477002
TCOM,2020-12-31,Trip.com Group Limited,Consumer Cyclical,Travel Services,21405913.0,large,-0.25039199656649735,2.4893922744759642
TDG,2020-12-31,Transdigm Group Incorporated Tr,Industrials,Aerospace & Defense,2865568.0,large,-3.0048688282628664,0.13605161780871958
TDOC,2020-12-31,"Teladoc Health, Inc.",Healthcare,Health Information Services,8703079.0,large,-0.8945945968209214,-5.066045768464969
TEAM,2020-12-31,Atlassian Corporation Plc,Technology,Software—Application,3554807.0,large,-6.780017101842547,-0.01732666092967916
TEL,2020-12-31,TE Connectivity Ltd. New Switze,Technology,Electronic Components,11203692.0,large,-0.2895359506510126,-0.36392534633479956
TER,2020-12-31,"Teradyne, Inc.",Technology,Semiconductor Equipment & Materials,5677967.0,large,-1.2229779685988598,0.04236244795684479
TFC,2020-12-31,Truist Financial Corporation,Financial Services,Banks—Regional,20649479.0,large,0.39094674474600427,-1.5162814717415272
TFX,2020-12-31,Teleflex Incorporated,Healthcare,Medical Instruments & Supplies,4111114.0,large,-1.2061773455799583,-0.5266076234499746
TGT,2020-12-31,Target Corporation,Consumer Defensive,Discount Stores,27958450.0,large,-0.29127440618191347,-0.9253933283214377
TJX,2020-12-31,"TJX Companies, Inc. (The)",Consumer Cyclical,Apparel Retail,100273472.0,large,1.064902368467325,0.6950309290727615
TMO,2020-12-31,Thermo Fisher Scientific Inc,Healthcare,Diagnostics & Research,109901140.0,large,-1.9385934768989475,-2.6387816476955357
TMUS,2020-12-31,"T-Mobile US, Inc.",Communication Services,Telecom Services,301560555.0,large,-0.9987510122576974,-6.860572916125556
TRMB,2020-12-31,Trimble Inc.,Technology,Scientific & Technical Instruments,4295016.0,large,-0.3940839742644008,0.6992519559250899
TROW,2020-12-31,"T. Rowe Price Group, Inc.",Financial Services,Asset Management,10763705.0,large,-0.7298711385351139,-2.365540440748401
TRU,2020-12-31,TransUnion,Industrials,Consulting Services,5881630.0,large,-0.3100598635516392,0.2558031003708193
TRV,2020-12-31,"The Travelers Companies, Inc.",Financial Services,Insurance—Property & Casualty,9279968.0,large,-0.9312193849637382,-1.5184455137614654
TSBK,2020-12-31,"Timberland Bancorp, Inc.",Financial Services,Banks—Regional,2706242.0,micro,-0.6236565079094201,1.3887949068832008
TSCO,2020-12-31,Tractor Supply Company,Consumer Cyclical,Specialty Retail,27914641.0,large,-0.6051152899395763,-0.4099397333824077
TSLA,2020-12-31,"Tesla, Inc.",Consumer Cyclical,Auto Manufacturers,163840171.0,mega,1.9597389080391732,6.253712357858586
TSM,2020-12-31,Taiwan Semiconductor Manufactur,Technology,Semiconductors,104701025.0,mega,8.686045333450862,5.115917396294014
TSN,2020-12-31,"Tyson Foods, Inc.",Consumer Defensive,Farm Products,6759627.0,large,0.3320520079600543,-0.7287900880938732
TT,2020-12-31,Trane Technologies plc,Industrials,Specialty Industrial Machinery,93476998.0,large,-0.19440769292038873,-0.5973694355519379
TTD,2020-12-31,"The Trade Desk, Inc.",Technology,Software—Application,4833538.0,large,-2.769605847323153,0.3488974142348156
TTWO,2020-12-31,"Take-Two Interactive Software, ",Communication Services,Electronic Gaming & Multimedia,6771562.0,large,0.23036849739821696,0.3145158207297523
TUR,2020-12-31,iShares MSCI Turkey Investable ,None,None,4693237.0,small,1.867442212159304,0.48895210295312497
TWLO,2020-12-31,Twilio Inc.,Communication Services,Internet Content & Information,16931622.0,large,-8.360758498187288,9.1043326611148
TWTR,2020-12-31,"Twitter, Inc.",Communication Services,Internet Content & Information,11563643.0,large,1.3592699797039214,1.365826091508001
TXN,2020-12-31,Texas Instruments Incorporated,Technology,Semiconductors,52629415.0,large,-0.2863455460860721,-1.5530980052341419
TYL,2020-12-31,"Tyler Technologies, Inc.",Technology,Software—Application,3151901.0,large,-0.5887304316182356,0.3088343577907598
UBER,2020-12-31,"Uber Technologies, Inc.",Technology,Software—Application,16589080.0,large,3.040523173349189,1.6965526208494235
UDR,2020-12-31,"UDR, Inc.",Real Estate,REIT—Residential,3421823.0,large,29.301601021138328,21.113120855936653
ULTA,2020-12-31,"Ulta Beauty, Inc.",Consumer Cyclical,Specialty Retail,60981347.0,large,-4.249625471888741,1.3682921359448619
UNH,2020-12-31,UnitedHealth Group Incorporated,Healthcare,Healthcare Plans,137866686.0,mega,-1.3148417379683377,-3.106555660598806
UNP,2020-12-31,Union Pacific Corporation,Industrials,Railroads,93029113.0,large,-0.503325664902154,-1.5436810711166482
UPS,2020-12-31,"United Parcel Service, Inc.",Industrials,Integrated Freight & Logistics,60420194.0,large,-0.8214731974039488,-3.048183387201392
URI,2020-12-31,"United Rentals, Inc.",Industrials,Rental & Leasing Services,7008653.0,large,-4.280832913535187,-1.2619689564553305
USB,2020-12-31,U.S. Bancorp,Financial Services,Banks—Regional,14673364.0,large,0.6182735074078386,-1.562498996986872
V,2020-12-31,Visa Inc.,Financial Services,Credit Services,276012036.0,mega,-0.2201151406041081,-4.485506647251127
VALE,2020-12-31,VALE S.A.,Basic Materials,Other Industrial Metals & Mining,34232014.0,large,3.495444375188601,-2.719365036728166
VAR,2020-12-31,"Varian Medical Systems, Inc.",Healthcare,Medical Instruments & Supplies,5584339.0,large,-0.9466254044385559,0.34923169923715985
VCIT,2020-12-31,Vanguard Intermediate-Term Corp,None,None,87728845.0,large,2.1546979572311344,-0.34565711912836516
VCR,2020-12-31,Vanguard Consumer Discretion ET,None,None,13953874.0,mid,1.8837174888666304,0.6684708732928172
VDC,2020-12-31,Vanguard Consumer Staples ETF,None,None,21328576.0,mid,2.3038176488571502,-0.6930312344752424
VEEV,2020-12-31,Veeva Systems Inc.,Healthcare,Health Information Services,9046316.0,large,0.04411589234556995,0.3251027338427052
VERU,2020-12-31,Veru Inc.,Healthcare,Biotechnology,5046415.0,small,-5.675446034632878,14.439581271892749
VEU,2020-12-31,Vanguard FTSE All World Ex US E,None,None,160637189.0,large,2.693105568385981,-0.6717219384512376
VFC,2020-12-31,V.F. Corporation,Consumer Cyclical,Apparel Manufacturing,4768079.0,large,0.5454718743453374,0.28456808572120873
VFH,2020-12-31,Vanguard Financials ETF,None,None,14070640.0,mid,2.039533490877611,-0.26385589784792657
VGT,2020-12-31,Vanguard Information Tech ETF,None,None,48574125.0,large,1.9043004976430917,0.32335245298039406
VGTSX,2020-12-31,Vanguard Total International St,None,None,18974090.0,micro,5.4751958536155305,-3.4469979641625312
VHT,2020-12-31,Vanguard Health Care ETF,None,None,23964495.0,large,1.9099756372059558,0.0975449460601566
VIAC,2020-12-31,ViacomCBS Inc.,Communication Services,Entertainment,6034557.0,large,-1.9378561554462639,0.3685845923512743
VIAV,2020-12-31,Viavi Solutions Inc.,Technology,Communication Equipment,40152105.0,mid,-0.5920581024801913,1.1173344084695083
VIPS,2020-12-31,Vipshop Holdings Limited,Consumer Cyclical,Internet Retail,7991693.0,large,-2.226320229143086,0.4430874196002546
VIRT,2020-12-31,"Virtu Financial, Inc.",Financial Services,Capital Markets,9763354.0,mid,1.7295727370273408,-1.3628626787947726
VLO,2020-12-31,Valero Energy Corporation,Energy,Oil & Gas Refining & Marketing,6293977.0,large,1.2688087793762288,-3.3634519000152157
VMC,2020-12-31,Vulcan Materials Company (Holdi,Basic Materials,Building Materials,5687361.0,large,0.39194071712245504,-0.13389040677268943
VMW,2020-12-31,"Vmware, Inc.",Technology,Software—Infrastructure,5646700.0,large,-1.6117261280671347,2.720749194317635
VNQI,2020-12-31,Vanguard Global ex-U.S. Real Es,None,None,17196407.0,mid,2.321954593839762,-0.7257104463175937
VOE,2020-12-31,Vanguard Mid-Cap Value ETF,None,None,39306118.0,large,2.0347021806509535,-0.2515132494941304
VOO,2020-12-31,Vanguard S&P 500 ETF,None,None,81580042.0,large,2.3083922801178867,-0.1693954725851072
VPL,2020-12-31,Vanguard FTSE Pacific ETF,None,None,47450237.0,mid,2.4781775734412306,-0.9303668585592894
VRSK,2020-12-31,"Verisk Analytics, Inc.",Industrials,Consulting Services,11005868.0,large,-0.13889564133212026,-0.16812958148591303
VRSN,2020-12-31,"VeriSign, Inc.",Technology,Software—Infrastructure,6496061.0,large,-1.757467382706582,-1.180623381993593
VRTX,2020-12-31,Vertex Pharmaceuticals Incorpor,Healthcare,Biotechnology,17788230.0,large,-1.3489541160953766,-1.448822436178948
VSH,2020-12-31,"Vishay Intertechnology, Inc.",Technology,Semiconductors,190953342.0,mid,2.2269053519574333,1.7245272334557677
VTI,2020-12-31,Vanguard Total Stock Market ETF,None,None,6385818.0,mega,2.3239820205023096,-0.18637145093509175
VTR,2020-12-31,"Ventas, Inc.",Real Estate,REIT—Healthcare Facilities,5309918.0,large,0.9391856406327851,1.8653793715043758
VTRS,2020-12-31,Viatris Inc.,Healthcare,Drug Manufacturers—Specialty & Generic,11207096.0,large,-0.9198903344423169,0.8679326653571027
VWO,2020-12-31,Vanguard FTSE Emerging Markets ,None,None,24237548.0,large,2.2894136136559133,-0.43249596126072626
VWOB,2020-12-31,Vanguard Emerging Markets Gover,None,None,28890561.0,mid,2.319370344906948,-0.7135514907458481
VZ,2020-12-31,Verizon Communications Inc.,Communication Services,Telecom Services,76909928.0,mega,2.6199234115787817,-2.898982626415337
WAL,2020-12-31,Western Alliance Bancorporation,Financial Services,Banks—Regional,5725128.0,mid,-1.4795408986747072,-0.6554192160762089
WBA,2020-12-31,"Walgreens Boots Alliance, Inc.",Healthcare,Pharmaceutical Retailers,12891060.0,large,1.8018076447314093,1.0857586535111547
WCN,2020-12-31,"Waste Connections, Inc.",Industrials,Waste Management,11155010.0,large,0.4277379539469257,0.11296756273555666
WDAY,2020-12-31,"Workday, Inc.",Technology,Software—Application,12137798.0,large,-2.4409106850737787,1.2892809580446927
WDC,2020-12-31,Western Digital Corporation,Technology,Computer Hardware,326490748.0,large,2.888398633089638,2.3293288351663204
WEC,2020-12-31,"WEC Energy Group, Inc.",Utilities,Utilities—Regulated Electric,5543905.0,large,1.0807547051019295,-1.073668024446852
WELL,2020-12-31,Welltower Inc.,Real Estate,REIT—Healthcare Facilities,15270560.0,large,0.7447446507739324,-1.3668521435181682
WFC,2020-12-31,Wells Fargo & Company,Financial Services,Banks—Diversified,31273426.0,large,3.8651745258537695,-1.4939686065399282
WLDN,2020-12-31,"Willdan Group, Inc.",Industrials,Engineering & Construction,19473992.0,small,-1.6163428773098232,1.4186121401384635
WLTW,2020-12-31,Willis Towers Watson Public Lim,Financial Services,Insurance Brokers,5601523.0,large,-3.10727834744874,-0.4210405554114112
WM,2020-12-31,"Waste Management, Inc.",Industrials,Waste Management,20296275.0,large,0.3010213974062903,-0.46000073095887634
WMB,2020-12-31,"Williams Companies, Inc. (The)",Energy,Oil & Gas Midstream,6849895.0,large,1.8850107410255688,-3.2368819206138615
WMG,2020-12-31,Warner Music Group Corp.,Communication Services,Entertainment,4768383.0,large,-18.48962054266119,-1.7800183024234308
WMT,2020-12-31,Walmart Inc.,Consumer Defensive,Discount Stores,64053870.0,mega,3.197850037736871,5.347353956970037
WORK,2020-12-31,"Slack Technologies, Inc.",Technology,Software—Application,5224871.0,large,1.895976182264717,1.9562092877710258
WPC,2020-12-31,W. P. Carey Inc. REIT,Real Estate,REIT—Diversified,3618917.0,large,1.3650511580813154,-2.7302916342694195
WRK,2020-12-31,Westrock Company,Consumer Cyclical,Packaging & Containers,4251976.0,large,0.15464817647274529,-0.07349048654809774
WST,2020-12-31,"West Pharmaceutical Services, I",Healthcare,Medical Instruments & Supplies,6025095.0,large,-0.2937175689408959,0.03454744034371282
WTRG,2020-12-31,"Essential Utilities, Inc.",Utilities,Utilities—Regulated Water,4142725.0,large,-3.7380527627792874,0.4313027114730797
WTS,2020-12-31,"Watts Water Technologies, Inc.",Industrials,Specialty Industrial Machinery,15455657.0,mid,-3.1788331238053416,0.767001912758298
WYNN,2020-12-31,"Wynn Resorts, Limited",Consumer Cyclical,Resorts & Casinos,5392772.0,large,0.09233062783934501,5.629158963147736
XBI,2020-12-31,SPDR Series Trust  SPDR S&P Bio,None,None,3956902.0,mid,1.8931304562657278,0.5162965079165296
XEL,2020-12-31,Xcel Energy Inc.,Utilities,Utilities—Regulated Electric,5603739.0,large,1.0778547854767853,-0.664776679595554
XLC,2020-12-31,The Communication Services Sele,None,None,101324609.0,large,2.149383359670674,0.38346377967196416
XLE,2020-12-31,SPDR Select Sector Fund - Energ,None,None,46314345.0,large,3.7141348569206767,-0.9534560649305305
XLF,2020-12-31,SPDR Select Sector Fund - Finan,None,None,317095471.0,large,5.7358055774760714,-1.0892231209818135
XLI,2020-12-31,SPDR Select Sector Fund - Indus,None,None,53249935.0,large,2.125201343482531,0.011334138810222659
XLK,2020-12-31,SPDR Select Sector Fund - Techn,None,None,131226923.0,large,2.3826642243575207,0.2429004583664622
XLNX,2020-12-31,"Xilinx, Inc.",Technology,Semiconductors,21604819.0,large,-0.30803782998089924,0.19834630479374987
XLV,2020-12-31,SPDR Select Sector Fund - Healt,None,None,100288893.0,large,2.2453672800229674,-0.007931517355600158
XLY,2020-12-31,SPDR Select Sector Fund - Consu,None,None,135857358.0,large,2.371514781255713,0.3747300806413059
XME,2020-12-31,SPDR S&P Metals & Mining ETF,None,None,15245899.0,small,1.877434494062657,0.31892704063436583
XOM,2020-12-31,Exxon Mobil Corporation,Energy,Oil & Gas Integrated,51121987.0,mega,4.4182121738847515,-2.7328932570490805
XPO,2020-12-31,"XPO Logistics, Inc.",Industrials,Integrated Freight & Logistics,3473117.0,large,0.6884731974940067,1.4596989461601106
XRAY,2020-12-31,DENTSPLY SIRONA Inc.,Healthcare,Medical Instruments & Supplies,2828885.0,large,2.928645805752841,4.410126042029181
XYL,2020-12-31,Xylem Inc.,Industrials,Specialty Industrial Machinery,23900641.0,large,0.13455546703224955,0.04918062641880699
YNDX,2020-12-31,Yandex N.V.,Communication Services,Internet Content & Information,8981598.0,large,-15.756733730485001,-16.580554118844795
YUM,2020-12-31,"Yum! Brands, Inc.",Consumer Cyclical,Restaurants,8705045.0,large,0.00473334390050522,-0.41889916261515264
Z,2020-12-31,"Zillow Group, Inc.",Communication Services,Internet Content & Information,15574859.0,large,-4.156580822169336,3.0037598122541467
ZBH,2020-12-31,"Zimmer Biomet Holdings, Inc.",Healthcare,Medical Devices,8806145.0,large,-0.6257408527872044,0.058715956027957907
ZEN,2020-12-31,"Zendesk, Inc.",Technology,Software—Application,2929415.0,large,-1.221392442468468,1.7675080639444694
ZGBR,2020-12-31,SPDR Solactive,None,None,7786973.0,micro,2.1386776179684865,-0.4198451045349758
ZHOK,2020-12-31,SPDR Solactive Hong Kong ETF,None,None,5886632.0,micro,2.0143766585633,-0.14032907643838932
ZM,2020-12-31,"Zoom Video Communications, Inc.",Communication Services,Telecom Services,14717864.0,large,1.6113277349431683,0.8857990067298495
ZS,2020-12-31,"Zscaler, Inc.",Technology,Software—Infrastructure,2464989.0,large,-0.08780341113389595,5.410507665144076
ZTO,2020-12-31,ZTO Express (Cayman) Inc.,Industrials,Integrated Freight & Logistics,6404000.0,large,0.36754446820695463,0.4729074909080666
ZTS,2020-12-31,Zoetis Inc.,Healthcare,Drug Manufacturers—Specialty & Generic,60645678.0,large,0.18153786326119073,-0.23495626862086919
